-- ==============================================
-- CLEANUP (orden seg칰n dependencias)
-- ==============================================
-- Hijas
DELETE FROM recipe_ingredients;
DELETE FROM allergy_ingredients;
DELETE FROM recommendations;
DELETE FROM meal_plans;
<<<<<<< Updated upstream
DELETE FROM nutritionists;
DELETE FROM user_roles;
DELETE FROM users;
-- Join table entre user_profiles y allergies: debe borrarse antes de allergies
DELETE FROM user_profile_allergies;
=======
DELETE FROM user_profile_allergies;

-- 游댳 NUEVAS L칈NEAS PARA EVITAR FK ERRORS
DELETE FROM user_profile_allergies;
DELETE FROM user_profiles;
>>>>>>> Stashed changes

-- Intermedias / que dependen de cat치logos
DELETE FROM recipes;

-- Cat치logos
DELETE FROM ingredients;
DELETE FROM allergies;
DELETE FROM recommendation_templates;
DELETE FROM categories;
DELETE FROM recipe_types;
DELETE FROM objectives;
DELETE FROM activity_levels;

-- ==============================================
-- SEED DE CATEGORIES
-- ==============================================
INSERT INTO categories (id, name) VALUES
                                      (1,'Desayuno'),
                                      (2,'Almuerzo'),
                                      (3,'Cena'),
                                      (4,'Snack'),
                                      (5,'Postre');

-- ==============================================
-- SEED DE RECIPE_TYPES
-- ==============================================
INSERT INTO recipe_types (id, name) VALUES
                                        (1,'Postres'),
                                        (2,'Vegana'),
                                        (3,'Omn칤vora'),
                                        (4,'Vegetariana'),
                                        (5,'Paleo');

-- ==============================================
-- SEED DE OBJECTIVES
-- ==============================================
INSERT INTO objectives (id, objective_name, score) VALUES
                                                       (1, 'ganancia', 1),
                                                       (2, 'perdida', 2),
                                                       (3, 'mantenimiento', 3);

-- ==============================================
-- SEED DE INGREDIENTS
-- ==============================================
INSERT INTO ingredients (id, name, calories, carbohydrates, proteins, fats, macronutrient_values_id, created_at, updated_at) VALUES
                                                                                                                                 (1, 'nueces', 654.0, 21.0, 15.1, 6.0, 1, NOW(), NOW()),
                                                                                                                                 (2, 'tomate', 130.0, 3.5, 1.0, 0.5, 2, NOW(), NOW()),
                                                                                                                                 (3, 'cebolla', 40.0, 9.0, 1.1, 0.0, 3, NOW(), NOW()),
                                                                                                                                 (4, 'Pecanas', 691.0, 14.0, 9.2, 72.0, 3, NOW(), NOW()),
                                                                                                                                 (5, 'Leche', 61.0, 4.8, 3.2, 3.3, 3, NOW(), NOW()),
                                                                                                                                 (6, 'Queso', 402.0, 1.3, 25.0, 33.0, 3, NOW(), NOW());

-- ==============================================
-- SEED DE ALLERGIES
-- ==============================================
INSERT INTO allergies (id, name) VALUES
                                     (1, 'Alergia a las nueces'),
                                     (2, 'Intolerancia a la lactosa');

-- ==============================================
-- SEED DE ALLERGY_INGREDIENTS
-- ==============================================
INSERT INTO allergy_ingredients (allergy_id, ingredient_name) VALUES
                                                                  (1, 'nueces'),
                                                                  (1, 'Pecanas'),
                                                                  (2, 'Leche'),
                                                                  (2, 'Queso');

-- ==============================================
-- SEED DE ACTIVITY LEVELS
-- ==============================================
INSERT INTO activity_levels (id, created_at, updated_at, name, description, activity_factor) VALUES
                                                                                                 (1, NOW(), NOW(), 'Sedentario', 'Poco o ning칰n ejercicio', 1.2),
                                                                                                 (2, NOW(), NOW(), 'Baja actividad', 'Ejercicio ligero/deporte 1 a 3 d칤as por semana', 1.375),
                                                                                                 (3, NOW(), NOW(), 'Moderada actividad', 'Ejercicio moderado/deporte 3 a 5 d칤as por semana', 1.55),
                                                                                                 (4, NOW(), NOW(), 'Regular activo', 'Ejercicio intenso/deporte 6 a 7 d칤as por semana', 1.725),
                                                                                                 (5, NOW(), NOW(), 'Muy activo', 'Ejercicio muy intenso/trabajo f칤sico o entrenamiento doble', 1.9);

-- ==============================================
-- SEED DE RECOMMENDATION TEMPLATES
-- ==============================================
INSERT INTO recommendation_templates (id, title, content, category) VALUES
                                                                        (1, 'Beber m치s agua', 'Recuerda beber al menos 8 vasos de agua al d칤a para mantenerte hidratado.', 'Salud General'),
                                                                        (2, 'Ejercicio regular', 'Realiza al menos 30 minutos de actividad f칤sica moderada, cinco d칤as a la semana.', 'Actividad F칤sica'),
                                                                        (3, 'M치s verduras', 'Incluye al menos una porci칩n de verduras en cada comida.', 'Nutrici칩n'),
                                                                        (4, 'Menos comida ultraprocesada', 'Reduce el consumo de alimentos ultraprocesados para mejorar tu salud.', 'Nutrici칩n'),
                                                                        (5, 'Dormir bien', 'Procura dormir entre 7 y 8 horas cada noche para una recuperaci칩n adecuada.', 'Salud General');

-- ==============================================
-- SEED DE RECOMMENDATIONS
-- ==============================================
INSERT INTO recommendations (id, user_id, template_id, reason, notes, time_of_day, score, status, assigned_at, created_at, updated_at) VALUES
                                                                                                                                           (1, NULL, 1, 'Baja hidrataci칩n detectada en el perfil.', 'Se recomienda aumentar el consumo de agua.', 'MORNING', 9.5, 'ACTIVE', NULL, NOW(), NOW()),
                                                                                                                                           (2, NULL, 2, 'Reporta poco movimiento semanal.', 'Implementar rutina de caminatas diarias.', 'AFTERNOON', 8.0, 'ACTIVE', NULL, NOW(), NOW()),
                                                                                                                                           (3, NULL, 3, 'Consumo bajo de micronutrientes.', 'Agregar verduras variadas a cada comida.', 'EVENING', 7.0, 'ACTIVE', NULL, NOW(), NOW()),
                                                                                                                                           (4, NULL, 4, 'Ingesta elevada de ultraprocesados.', 'Reducir la cantidad de snacks ultraprocesados.', 'EVENING', 6.5, 'ACTIVE', NULL, NOW(), NOW()),
                                                                                                                                           (5, NULL, 5, 'Indicios de fatiga y sue침o irregular.', 'Ajustar horario y condiciones para dormir mejor.', 'EVENING', 9.0, 'ACTIVE', NULL, NOW(), NOW());

<<<<<<< Updated upstream
-- ==============================================
-- SEED DE RECIPES
-- ==============================================
INSERT INTO recipes (id, user_id, name, description, preparation_time, difficulty, category_id, recipe_type_id, created_at, updated_at) VALUES
                                                                                                                                            (1, 1, 'Avena con Frutas', 'Avena cocida con pl치tano, fresas y miel.', 10, 'F치cil', 1, 4, NOW(), NOW()),
                                                                                                                                            (2, 1, 'Omelette de Vegetales', 'Tortilla con cebolla y tomate.', 15, 'F치cil', 1, 3, NOW(), NOW()),
                                                                                                                                            (3, 1, 'Smoothie Bowl Verde', 'Smoothie de espinaca, pl치tano y granola.', 8, 'F치cil', 1, 2, NOW(), NOW()),
                                                                                                                                            (4, 1, 'Pancakes Proteicos', 'Pancakes de avena y clara de huevo.', 20, 'Media', 1, 3, NOW(), NOW()),
                                                                                                                                            (5, 1, 'Tostadas Integrales con Aguacate', 'Pan integral con aguacate y tomate.', 10, 'F치cil', 1, 4, NOW(), NOW()),
                                                                                                                                            (6, 1, 'Pollo a la Plancha con Quinoa', 'Pollo asado con quinoa.', 30, 'Media', 2, 3, NOW(), NOW()),
                                                                                                                                            (7, 1, 'Ensalada C칠sar con Pollo', 'Pollo grillado con aderezo c칠sar.', 20, 'F치cil', 2, 3, NOW(), NOW()),
                                                                                                                                            (8, 1, 'Pasta Integral con Vegetales', 'Pasta integral con tomate y albahaca.', 25, 'Media', 2, 4, NOW(), NOW()),
                                                                                                                                            (9, 1, 'Bowl Vegetariano', 'Arroz integral con garbanzos.', 25, 'Media', 2, 4, NOW(), NOW()),
                                                                                                                                            (10, 1, 'Salm칩n al Horno con Br칩coli', 'Salm칩n con br칩coli al vapor.', 35, 'Media', 2, 3, NOW(), NOW()),
                                                                                                                                            (11, 1, 'Sopa de Lentejas', 'Lentejas con zanahoria y apio.', 40, 'F치cil', 3, 4, NOW(), NOW()),
                                                                                                                                            (12, 1, 'Tacos de Pollo', 'Tacos con pollo y aguacate.', 25, 'Media', 3, 3, NOW(), NOW()),
                                                                                                                                            (13, 1, 'Ensalada Caprese', 'Tomate, mozzarella y albahaca.', 10, 'F치cil', 3, 4, NOW(), NOW()),
                                                                                                                                            (14, 1, 'Wrap de At칰n', 'At칰n con pepino y yogurt griego.', 15, 'F치cil', 3, 3, NOW(), NOW()),
                                                                                                                                            (15, 1, 'Tortilla Espa침ola Light', 'Tortilla de papas y cebolla.', 30, 'Media', 3, 3, NOW(), NOW()),
                                                                                                                                            (16, 1, 'Hummus con Vegetales', 'Hummus con palitos de zanahoria.', 10, 'F치cil', 4, 2, NOW(), NOW()),
                                                                                                                                            (17, 1, 'Yogurt Griego con Nueces', 'Yogurt con nueces y miel.', 5, 'F치cil', 4, 4, NOW(), NOW()),
                                                                                                                                            (18, 1, 'Batido de Prote칤na', 'Prote칤na con leche de almendras.', 5, 'F치cil', 4, 3, NOW(), NOW()),
                                                                                                                                            (19, 1, 'Frutas con Mantequilla de Man칤', 'Fruta con mantequilla de man칤.', 5, 'F치cil', 4, 4, NOW(), NOW()),
                                                                                                                                            (20, 1, 'Energy Balls', 'Bolitas de d치tiles y almendras.', 15, 'F치cil', 4, 2, NOW(), NOW()),
                                                                                                                                            (21, 1, 'Brownie Saludable', 'Brownie con harina de almendra.', 30, 'Media', 5, 1, NOW(), NOW()),
                                                                                                                                            (22, 1, 'Helado de Pl치tano', 'Helado de pl치tano y cacao.', 5, 'F치cil', 5, 2, NOW(), NOW()),
                                                                                                                                            (23, 1, 'Pud칤n de Ch칤a', 'Ch칤a con leche de coco.', 10, 'F치cil', 5, 2, NOW(), NOW()),
                                                                                                                                            (24, 1, 'Muffins de Ar치ndanos', 'Muffins integrales con avena.', 25, 'Media', 5, 4, NOW(), NOW()),
                                                                                                                                            (25, 1, 'Galletas de Avena', 'Galletas crujientes con pasas.', 20, 'F치cil', 5, 4, NOW(), NOW());

-- ==============================================
-- SEED DE RECIPE_INGREDIENTS (Relaciones v치lidas)
-- ==============================================
INSERT INTO recipe_ingredients (recipe_id, ingredient_id) VALUES
                                                              (17, 1), (17, 5),  -- Yogurt Griego con Nueces
                                                              (16, 2), (16, 3),  -- Hummus con Vegetales
                                                              (13, 2), (13, 6),  -- Ensalada Caprese
                                                              (20, 1), (20, 4),  -- Energy Balls
                                                              (21, 1), (21, 5),  -- Brownie Saludable
                                                              (10, 2), (11, 3), (12, 2), (12, 3), (14, 2), (15, 3);  -- Otros

-- ==============================================
-- SEED DE USERS Y NUTRITIONISTS
-- ==============================================
-- Crear usuarios base primero
INSERT INTO users (id, username, password, created_at, updated_at)
VALUES
    (101, 'valeria', '$2a$10$abc...', NOW(), NOW()),
    (102, 'javier', '$2a$10$abc...', NOW(), NOW()),
    (103, 'sofia',  '$2a$10$abc...', NOW(), NOW()),
    (104, 'martin', '$2a$10$abc...', NOW(), NOW());

-- Asignar roles de nutricionista
INSERT INTO user_roles (user_id, role_id)
SELECT u.id, r.id
FROM users u, roles r
WHERE r.name = 'ROLE_NUTRITIONIST'
  AND u.username IN ('valeria', 'javier', 'sofia', 'martin');

-- Crear nutricionistas
INSERT INTO nutritionists
(user_id, full_name, license_number, specialty, years_experience, accepting_new_patients, bio, profile_picture_url, created_at, updated_at)
VALUES
    (101, 'Dra. Valeria Castro', 'CMP-12345', 'CLINICAL', 8, true,
     'Nutricionista cl칤nica especializada en h치bitos saludables y control de peso.',
     'https://cdn.fitapp.com/nutritionists/castro.jpg', NOW(), NOW()),
    (102, 'Lic. Javier Torres', 'CMP-44567', 'SPORTS', 6, true,
     'Nutricionista deportivo con experiencia en alto rendimiento y fitness.',
     'https://cdn.fitapp.com/nutritionists/torres.jpg', NOW(), NOW()),
    (103, 'Dra. Sof칤a Guti칠rrez', 'CMP-23451', 'PEDIATRIC', 10, true,
     'Especialista en nutrici칩n infantil y dietas balanceadas para ni침os y adolescentes.',
     'https://cdn.fitapp.com/nutritionists/gutierrez.jpg', NOW(), NOW()),
    (104, 'Lic. Mart칤n Vargas', 'CMP-56789', 'RENAL', 7, false,
     'Nutricionista enfocado en dietas terap칠uticas para pacientes con enfermedades renales.',
     'https://cdn.fitapp.com/nutritionists/vargas.jpg', NOW(), NOW());

-- ==============================================
-- RESET SEQUENCES
=======

-- ==============================================
-- SEED DE RECIPES
-- ==============================================
INSERT INTO recipes (user_id, name, description, preparation_time, difficulty, category_id, recipe_type_id, created_at, updated_at) VALUES
                                                                                                                                        (1, 'Avena con Frutas', 'Avena cocida con pl치tano, fresas y miel. Rica en fibra y energ칤a para empezar el d칤a.', 10, 'F치cil', 1, 4, NOW(), NOW()),
                                                                                                                                        (1, 'Omelette de Vegetales', 'Tortilla de huevos con pimientos, cebolla y tomate. Alto en prote칤nas.', 15, 'F치cil', 1, 3, NOW(), NOW()),
                                                                                                                                        (1, 'Smoothie Bowl Verde', 'Bowl de smoothie de espinaca, pl치tano y prote칤na vegetal, decorado con granola.', 8, 'F치cil', 1, 2, NOW(), NOW()),
                                                                                                                                        (1, 'Pancakes Proteicos', 'Pancakes hechos con harina de avena, claras de huevo y pl치tano.', 20, 'Media', 1, 3, NOW(), NOW()),
                                                                                                                                        (1, 'Tostadas Integrales con Aguacate', 'Pan integral tostado con aguacate machacado, tomate y semillas.', 10, 'F치cil', 1, 4, NOW(), NOW()),
                                                                                                                                        (1, 'Pollo a la Plancha con Quinoa', 'Pechuga de pollo asada con quinoa y ensalada de vegetales frescos.', 30, 'Media', 2, 3, NOW(), NOW()),
                                                                                                                                        (1, 'Ensalada C칠sar con Pollo', 'Lechuga romana, pollo grillado, crutones y aderezo c칠sar casero.', 20, 'F치cil', 2, 3, NOW(), NOW()),
                                                                                                                                        (1, 'Pasta Integral con Vegetales', 'Pasta de trigo integral con calabac칤n, tomate cherry y albahaca.', 25, 'Media', 2, 4, NOW(), NOW()),
                                                                                                                                        (1, 'Bowl Vegetariano', 'Arroz integral con garbanzos, aguacate, zanahoria rallada y hummus.', 25, 'Media', 2, 4, NOW(), NOW()),
                                                                                                                                        (1, 'Salm칩n al Horno con Br칩coli', 'Filete de salm칩n horneado con br칩coli al vapor y lim칩n.', 35, 'Media', 2, 3, NOW(), NOW()),
                                                                                                                                        (1, 'Sopa de Lentejas', 'Sopa nutritiva de lentejas con zanahoria, apio y especias.', 40, 'F치cil', 3, 4, NOW(), NOW()),
                                                                                                                                        (1, 'Tacos de Pollo', 'Tortillas de ma칤z con pollo desmenuzado, pico de gallo y aguacate.', 25, 'Media', 3, 3, NOW(), NOW()),
                                                                                                                                        (1, 'Ensalada Caprese', 'Tomate, mozzarella fresca, albahaca y aceite de oliva.', 10, 'F치cil', 3, 4, NOW(), NOW()),
                                                                                                                                        (1, 'Wrap de At칰n', 'Tortilla integral rellena de at칰n, lechuga, pepino y yogurt griego.', 15, 'F치cil', 3, 3, NOW(), NOW()),
                                                                                                                                        (1, 'Tortilla Espa침ola Light', 'Tortilla de papas y cebolla con menos aceite, versi칩n saludable.', 30, 'Media', 3, 3, NOW(), NOW()),
                                                                                                                                        (1, 'Hummus con Vegetales', 'Hummus casero de garbanzos con palitos de zanahoria y pepino.', 10, 'F치cil', 4, 2, NOW(), NOW()),
                                                                                                                                        (1, 'Yogurt Griego con Nueces', 'Yogurt griego natural con nueces picadas y miel.', 5, 'F치cil', 4, 4, NOW(), NOW()),
                                                                                                                                        (1, 'Batido de Prote칤na', 'Batido de prote칤na de suero con leche de almendras y pl치tano.', 5, 'F치cil', 4, 3, NOW(), NOW()),
                                                                                                                                        (1, 'Frutas con Mantequilla de Man칤', 'Manzana o pl치tano con mantequilla de man칤 natural.', 5, 'F치cil', 4, 4, NOW(), NOW()),
                                                                                                                                        (1, 'Energy Balls', 'Bolitas de d치tiles, avena, cacao y almendras. Sin az칰car a침adida.', 15, 'F치cil', 4, 2, NOW(), NOW()),
                                                                                                                                        (1, 'Brownie Saludable', 'Brownie hecho con harina de almendra, cacao puro y endulzante natural.', 30, 'Media', 5, 1, NOW(), NOW()),
                                                                                                                                        (1, 'Helado de Pl치tano', 'Helado cremoso hecho solo con pl치tanos congelados y cacao.', 5, 'F치cil', 5, 2, NOW(), NOW()),
                                                                                                                                        (1, 'Pud칤n de Ch칤a', 'Pud칤n de semillas de ch칤a con leche de coco y frutas frescas.', 10, 'F치cil', 5, 2, NOW(), NOW()),
                                                                                                                                        (1, 'Muffins de Ar치ndanos', 'Muffins integrales con ar치ndanos frescos y avena.', 25, 'Media', 5, 4, NOW(), NOW()),
                                                                                                                                        (1, 'Galletas de Avena', 'Galletas crujientes de avena con pasas y canela, sin az칰car refinada.', 20, 'F치cil', 5, 4, NOW(), NOW());

-- ==============================================
-- SEED DE RECIPE_INGREDIENTS (con amount_grams)
-- ==============================================
INSERT INTO recipe_ingredients (recipe_id, ingredient_id, amount_grams) VALUES
                                                                            (17, 1, 30), (17, 5, 120),
                                                                            (16, 2, 80), (16, 3, 50),
                                                                            (13, 2, 100), (13, 6, 60),
                                                                            (20, 1, 40), (20, 4, 30),
                                                                            (21, 1, 25), (21, 5, 100),
                                                                            (10, 2, 70), (11, 3, 50),
                                                                            (12, 2, 60), (12, 3, 40),
                                                                            (14, 2, 50), (15, 3, 60);

-- ==============================================
-- RESETEAR SECUENCIAS
>>>>>>> Stashed changes
-- ==============================================
SELECT setval('recipes_id_seq', (SELECT MAX(id) FROM recipes) + 1);
SELECT setval('recommendations_id_seq', (SELECT MAX(id) FROM recommendations) + 1);
SELECT setval('recommendation_templates_id_seq', (SELECT MAX(id) FROM recommendation_templates) + 1);
